Model,CV_MAE_Mean,CV_MAE_Std,CV_R2_Mean,CV_R2_Std,Test_MAE,Test_RMSE,Test_R2
Random Forest Regressor,0.24376242102438894,0.004865571471002183,0.8873573286156201,0.006617282774582344,0.24515022695776958,0.7036097036772744,0.8893491186877858
HistGradientBoostingRegressor,0.2518215487863248,0.005535680175357284,0.8842764969552516,0.011157480486720038,0.2545445855964242,0.7158509061773802,0.8854654813806135
KNN Regressor,0.2649637791410638,0.00498581505829977,0.8660228632466526,0.004621633051916632,0.2647087273405682,0.7651036263811912,0.869162644493731
SVR (RBF),0.31360652122125354,0.011924662990279167,0.7878693975080727,0.02494349904391739,0.3247635697284659,0.9927568364808502,0.7797190150705469
Lasso Regression,0.328181270219738,0.015909937222778642,0.7734858773251052,0.04625453851167173,0.32817272559387334,1.0297058422678915,0.7630167831464852
Decision Tree Regressor,0.3288582718355248,0.008559819986770384,0.7956667306319944,0.006407897238141972,0.32672411177633615,0.9559452208776701,0.7957522648624553
Multiple Linear Regression,0.3297510549110759,0.016327361713146346,0.7690051624466243,0.04631040436852578,0.3281454267388813,1.0215259024499475,0.7667669973489166
Ridge Regression,0.329751088828956,0.016327634894984427,0.76900472769889,0.046310796256033605,0.3281450402119949,1.0215282883898071,0.766765907840435
Simple Linear Regression,1.4160576076217006,0.28452036236164585,-85.47691131962445,42.09555395441221,1.2469994456781182,15.107915275595424,-50.01528510048643
